Employee ID,Last Name,First Name,Email,Password
10001,Garcia,Manuel III,garcia_manueliii@mph.com,10001@Garcia
10002,Lim,Antonio,lim_antonio@mph.com,10002@Lim
10003,Aquino,Bianca Sofia,aquino_biancasofia@mph.com,10003@Aquino
10004,Reyes,Isabella,reyes_isabella@mph.com,10004@Reyes
10005,Hernandez,Eduard,hernandez_eduard@mph.com,10005@Hernandez
10006,Villanueva,Andrea Mae,villanueva_andreamae@mph.com,10006@Villanueva
10007,San Jose,Brad,sanjose_brad@mph.com,10007@San Jose
10008,Romualdez,Alice,romualdez_alice@mph.com,10008@Romualdez
10009,Atienza,Rosie,atienza_rosie@mph.com,10009@Atienza
10010,Alvaro,Roderick,alvaro_roderick@mph.com,10010@Alvaro
10011,Salcedo,Anthony,salcedo_anthony@mph.com,10011@Salcedo
10012,Lopez,Josie,lopez_josie@mph.com,10012@Lopez
10013,Farala,Martha,farala_martha@mph.com,10013@Farala
10014,Martinez,Leila,martinez_leila@mph.com,10014@Martinez
10015,Romualdez,Fredrick,romualdez_fredrick@mph.com,10015@Romualdez
10016,Mata,Christian,mata_christian@mph.com,10016@Mata
10017,De Leon,Selena,deleon_selena@mph.com,10017@De Leon
10018,San Jose,Allison,sanjose_allison@mph.com,10018@San Jose
10019,Rosario,Cydney,rosario_cydney@mph.com,10019@Rosario
10020,Bautista,Mark,bautista_mark@mph.com,10020@Bautista
10021,Lazaro,Darlene,lazaro_darlene@mph.com,10021@Lazaro
10022,Delos Santos,Kolby,delossantos_kolby@mph.com,10022@Delos Santos
10023,Santos,Vella,santos_vella@mph.com,10023@Santos
10024,Del Rosario,Tomas,delrosario_tomas@mph.com,10024@Del Rosario
10025,Tolentino,Jacklyn,tolentino_jacklyn@mph.com,10025@Tolentino
10026,Gutierrez,Percival,gutierrez_percival@mph.com,10026@Gutierrez
10027,Manalaysay,Garfield,manalaysay_garfield@mph.com,10027@Manalaysay
10028,Villegas,Lizeth,villegas_lizeth@mph.com,10028@Villegas
10029,Ramos,Carol,ramos_carol@mph.com,10029@Ramos
10030,Maceda,Emelia,maceda_emelia@mph.com,10030@Maceda
10031,Aguilar,Delia,aguilar_delia@mph.com,10031@Aguilar
10032,Castro,John Rafael,castro_johnrafael@mph.com,10032@Castro
10033,Martinez,Carlos Ian,martinez_carlosian@mph.com,10033@Martinez
10034,Santos,Beatriz,santos_beatriz@mph.com,10034@Santos